Season,Player,Team,Pos,name
2011,A.J. Hawk,GB,ILB,A.Hawk
2011,Aaron Rodgers,GB,QB,A.Rodgers
2011,Alex Green,GB,RB,A.Green
2011,Andrew Quarless,GB,TE,A.Quarless
2011,B.J. Raji,GB,NT,B.Raji
2011,Brad Jones,GB,OLB,B.Jones
2011,Brandon Saine,GB,RB,B.Saine
2011,C.J. Wilson,GB,DE,C.Wilson
2011,Charles Woodson,GB,CB,C.Woodson
2011,Charlie Peprah,GB,SS,C.Peprah
2011,Clay Matthews,GB,OLB,C.Matthews
2011,D.J. Smith,GB,ILB,D.Smith
2011,D.J. Williams,GB,TE,D.Williams
2011,Davon House,GB,DB,D.House
2011,Desmond Bishop,GB,ILB,D.Bishop
2011,Donald Driver,GB,WR,D.Driver
2011,Erik Walden,GB,OLB,E.Walden
2011,Frank Zombo,GB,OLB,F.Zombo
2011,Greg Jennings,GB,WR,G.Jennings
2011,Howard Green,GB,DE,H.Green
2011,Jamari Lattimore,GB,LB,J.Lattimore
2011,James Jones,GB,WR,J.Jones
2011,James Starks,GB,RB,J.Starks
2011,Jarius Wynn,GB,DE,J.Wynn
2011,Jarrett Bush,GB,DB,J.Bush
2011,Jermichael Finley,GB,TE,J.Finley
2011,John Kuhn,GB,FB,J.Kuhn
2011,Jordy Nelson,GB,WR,J.Nelson
2011,M.D. Jennings,GB,CB,M.Jennings
2011,Mason Crosby,GB,K,M.Crosby
2011,Matt Flynn,GB,QB,M.Flynn
2011,Mike Neal,GB,DE,M.Neal
2011,Morgan Burnett,GB,FS,M.Burnett
2011,Nick Collins,GB,FS,N.Collins
2011,Pat Lee,GB,DB,P.Lee
2011,Randall Cobb,GB,WR,R.Cobb
2011,Rob Francois,GB,ILB,R.Francois
2011,Ryan Grant,GB,RB,R.Grant
2011,Ryan Pickett,GB,DE,R.Pickett
2011,Ryan Taylor,GB,TE,R.Taylor
2011,Sam Shields,GB,CB,S.Shields
2011,Tim Masthay,GB,P,T.Masthay
2011,Tom Crabtree,GB,TE,T.Crabtree
2011,Tramon Williams,GB,CB,T.Williams
2011,Vic So'oto,GB,LB,V.So'oto
2011,Adrian Arrington,NO,WR,A.Arrington
2011,Aubrayo Franklin,NO,DT,A.Franklin
2011,Cameron Jordan,NO,DE,C.Jordan
2011,Chase Daniel,NO,QB,C.Daniel
2011,Chris Ivory,NO,RB,C.Ivory
2011,Darren Sproles,NO,RB,D.Sproles
2011,David Thomas,NO,TE,D.Thomas
2011,Devery Henderson,NO,WR,D.Henderson
2011,Drew Brees,NO,QB,D.Brees
2011,Isa Abdul-Quddus,NO,FS,I.Abdul-Quddus
2011,Jabari Greer,NO,CB,J.Greer
2011,Jed Collins,NO,FB,J.Collins
2011,Jeff Charleston,NO,DE,J.Charleston
2011,Jimmy Graham,NO,TE,J.Graham
2011,Jo-Lonn Dunbar,NO,OLB,J.Dunbar
2011,John Gilmore,NO,TE,J.Gilmore
2011,John Kasay,NO,K,J.Kasay
2011,Johnny Patrick,NO,DB,J.Patrick
2011,Jonathan Casillas,NO,OLB,J.Casillas
2011,Jonathan Vilma,NO,MLB,J.Vilma
2011,Jonathon Amaya,NO,DB,J.Amaya
2011,Junior Galette,NO,DE,J.Galette
2011,Lance Moore,NO,WR,L.Moore
2011,Leigh Torrence,NO,DB,L.Torrence
2011,Malcolm Jenkins,NO,FS,M.Jenkins
2011,Mark Ingram,NO,RB,M.Ingram
2011,Marques Colston,NO,WR,M.Colston
2011,Martez Wilson,NO,OLB,M.Wilson
2011,Mike Higgins,NO,TE,M.Higgins
2011,Mitch King,NO,DT,M.King
2011,Patrick Robinson,NO,CB,P.Robinson
2011,Pierre Thomas,NO,RB,P.Thomas
2011,Ramon Humber,NO,ILB,R.Humber
2011,Robert Meachem,NO,WR,R.Meachem
2011,Roman Harper,NO,SS,R.Harper
2011,Scott Shanle,NO,OLB,S.Shanle
2011,Sedrick Ellis,NO,DT,S.Ellis
2011,Shaun Rogers,NO,DT,S.Rogers
2011,Thomas Morstead,NO,P,T.Morstead
2011,Tom Johnson,NO,DT,T.Johnson
2011,Tracy Porter,NO,CB,T.Porter
2011,Turk McBride,NO,DE,T.McBride
2011,Will Herring,NO,OLB,W.Herring
2011,Will Smith,NO,DE,W.Smith
2011,Albert McClellan,BAL,ILB,A.McClellan
2011,Anquan Boldin,BAL,WR,A.Boldin
2011,Anthony Allen,BAL,RB,A.Allen
2011,Arthur Jones,BAL,DE,A.Jones
2011,Bernard Pollard,BAL,SS,B.Pollard
2011,Billy Cundiff,BAL,K,B.Cundiff
2011,Brandon McKinney,BAL,DT,B.McKinney
2011,Brendon Ayanbadejo,BAL,LB,B.Ayanbadejo
2011,Cary Williams,BAL,CB,C.Williams
2011,Chavis Williams,BAL,LB,C.Williams
2011,Chris Carr,BAL,DB,C.Carr
2011,Chykie Brown,BAL,DB,C.Brown
2011,Cory Redding,BAL,DE,C.Redding
2011,Dannell Ellerbe,BAL,ILB,D.Ellerbe
2011,Danny Gorrer,BAL,DB,D.Gorrer
2011,David Reed,BAL,WR,D.Reed
2011,Dennis Pitta,BAL,TE,D.Pitta
2011,Domonique Foxworth,BAL,DB,D.Foxworth
2011,Ed Dickson,BAL,TE,E.Dickson
2011,Ed Reed,BAL,FS,E.Reed
2011,Edgar Jones,BAL,DE,E.Jones
2011,Emanuel Cook,BAL,DB,E.Cook
2011,Haloti Ngata,BAL,DE,H.Ngata
2011,Haruki Nakamura,BAL,DB,H.Nakamura
2011,Jameel McClain,BAL,ILB,J.McClain
2011,Jarret Johnson,BAL,OLB,J.Johnson
2011,Jimmy Smith,BAL,DB,J.Smith
2011,Joe Flacco,BAL,QB,J.Flacco
2011,Josh Bynes,BAL,LB,J.Bynes
2011,LaQuan Williams,BAL,WR,L.Williams
2011,Lardarius Webb,BAL,CB,L.Webb
2011,Lee Evans,BAL,WR,L.Evans
2011,Mike McAdoo,BAL,LB,M.McAdoo
2011,Paul Kruger,BAL,OLB,P.Kruger
2011,Pernell McPhee,BAL,DE,P.McPhee
2011,Prescott Burgess,BAL,LB,P.Burgess
2011,Ray Lewis,BAL,ILB,R.Lewis
2011,Ray Rice,BAL,RB,R.Rice
2011,Ricky Williams,BAL,RB,R.Williams
2011,Sam Koch,BAL,P,S.Koch
2011,Sergio Kindle,BAL,LB,S.Kindle
2011,Shayne Graham,BAL,K,S.Graham
2011,Tandon Doss,BAL,WR,T.Doss
2011,Terrell Suggs,BAL,OLB,T.Suggs
2011,Terrence Cody,BAL,NT,T.Cody
2011,Tom Zbikowski,BAL,SS,T.Zbikowski
2011,Torrey Smith,BAL,WR,T.Smith
2011,Tyrod Taylor,BAL,QB,T.Taylor
2011,Vonta Leach,BAL,FB,V.Leach
2011,Aaron Smith,PIT,DE,A.Smith
2011,Al Woods,PIT,DT,A.Woods
2011,Antonio Brown,PIT,WR,A.Brown
2011,Arnaz Battle,PIT,WR,A.Battle
2011,Ben Roethlisberger,PIT,QB,B.Roethlisberger
2011,Brett Keisel,PIT,DE,B.Keisel
2011,Bryant McFadden,PIT,CB,B.McFadden
2011,Cameron Heyward,PIT,DE,C.Heyward
2011,Casey Hampton,PIT,NT,C.Hampton
2011,Charlie Batch,PIT,QB,C.Batch
2011,Chris Carter,PIT,LB,C.Carter
2011,Chris Hoke,PIT,NT,C.Hoke
2011,Corbin Bryant,PIT,DT,C.Bryant
2011,Cortez Allen,PIT,DB,C.Allen
2011,Curtis Brown,PIT,DB,C.Brown
2011,Da'Mon Cromartie-Smith,PIT,DB,D.Cromartie-Smith
2011,Daniel Sepulveda,PIT,P,D.Sepulveda
2011,David Johnson,PIT,TE,D.Johnson
2011,Emmanuel Sanders,PIT,WR,E.Sanders
2011,Heath Miller,PIT,TE,H.Miller
2011,Hines Ward,PIT,WR,H.Ward
2011,Ike Taylor,PIT,CB,I.Taylor
2011,Isaac Redman,PIT,RB,I.Redman
2011,James Farrior,PIT,ILB,J.Farrior
2011,James Harrison,PIT,OLB,J.Harrison
2011,Jason Worilds,PIT,OLB,J.Worilds
2011,Jeremy Kapinos,PIT,P,J.Kapinos
2011,Jerricho Cotchery,PIT,WR,J.Cotchery
2011,John Clay,PIT,RB,J.Clay
2011,Jonathan Dwyer,PIT,RB,J.Dwyer
2011,Keenan Lewis,PIT,DB,K.Lewis
2011,LaMarr Woodley,PIT,OLB,L.Woodley
2011,Larry Foote,PIT,ILB,L.Foote
2011,Lawrence Timmons,PIT,ILB,L.Timmons
2011,Mewelde Moore,PIT,RB,M.Moore
2011,Mike Wallace,PIT,WR,M.Wallace
2011,Mortty Ivy,PIT,OLB,M.Ivy
2011,Rashard Mendenhall,PIT,RB,R.Mendenhall
2011,Ryan Clark,PIT,FS,R.Clark
2011,Ryan Mundy,PIT,FS,R.Mundy
2011,Shaun Suisham,PIT,K,S.Suisham
2011,Steve McLendon,PIT,NT,S.McLendon
2011,Stevenson Sylvester,PIT,ILB,S.Sylvester
2011,Troy Polamalu,PIT,SS,T.Polamalu
2011,Weslye Saunders,PIT,TE,W.Saunders
2011,Will Allen,PIT,DB,W.Allen
2011,William Gay,PIT,CB,W.Gay
2011,Ziggy Hood,PIT,DE,Z.Hood
2011,Akeem Jordan,PHI,OLB,A.Jordan
2011,Alex Henery,PHI,K,A.Henery
2011,Antonio Dixon,PHI,DT,A.Dixon
2011,Asante Samuel,PHI,CB,A.Samuel
2011,Brandon Graham,PHI,DE,B.Graham
2011,Brandon Hughes,PHI,CB,B.Hughes
2011,Brent Celek,PHI,TE,B.Celek
2011,Brian Rolle,PHI,OLB,B.Rolle
2011,Casey Matthews,PHI,MLB,C.Matthews
2011,Cedric Thornton,PHI,DT,C.Thornton
2011,Chad Hall,PHI,WR,C.Hall
2011,Chas Henry,PHI,P,C.Henry
2011,Clay Harbor,PHI,TE,C.Harbor
2011,Colt Anderson,PHI,DB,C.Anderson
2011,Cullen Jenkins,PHI,DT,C.Jenkins
2011,Curtis Marsh,PHI,DB,C.Marsh
2011,Darryl Tapp,PHI,DE,D.Tapp
2011,Derek Landri,PHI,DT,D.Landri
2011,DeSean Jackson,PHI,WR,D.Jackson
2011,Dion Lewis,PHI,RB,D.Lewis
2011,Dominique Rodgers-Cromartie,PHI,CB,D.Rodgers-Cromartie
2011,Greg Lloyd,PHI,LB,G.Lloyd
2011,Jaiquawn Jarrett,PHI,FS,J.Jarrett
2011,Jamar Chaney,PHI,MLB,J.Chaney
2011,Jason Avant,PHI,WR,J.Avant
2011,Jason Babin,PHI,DE,J.Babin
2011,Jeremy Maclin,PHI,WR,J.Maclin
2011,Joselio Hanson,PHI,DB,J.Hanson
2011,Juqua Parker,PHI,DE,J.Parker
2011,Keenan Clayton,PHI,LB,K.Clayton
2011,Kurt Coleman,PHI,SS,K.Coleman
2011,LeSean McCoy,PHI,RB,L.McCoy
2011,Mike Kafka,PHI,QB,M.Kafka
2011,Mike Patterson,PHI,DT,M.Patterson
2011,Mike Vick,PHI,QB,M.Vick
2011,Moise Fokou,PHI,OLB,M.Fokou
2011,Nate Allen,PHI,FS,N.Allen
2011,Nnamdi Asomugha,PHI,CB,N.Asomugha
2011,Owen Schmitt,PHI,FB,O.Schmitt
2011,Phillip Hunt,PHI,DE,P.Hunt
2011,Riley Cooper,PHI,WR,R.Cooper
2011,Ronnie Brown,PHI,RB,R.Brown
2011,Steve Smith,PHI,WR,S.Smith
2011,Tom Nelson,PHI,DB,T.Nelson
2011,Trent Cole,PHI,DE,T.Cole
2011,Trevor Laws,PHI,DT,T.Laws
2011,Vince Young,PHI,QB,V.Young
2011,A.J. Feeley,STL,QB,A.Feeley
2011,Al Harris,STL,CB,A.Harris
2011,Austin Pettis,STL,WR,A.Pettis
2011,Ben Leber,STL,OLB,B.Leber
2011,Billy Bajema,STL,TE,B.Bajema
2011,Bradley Fletcher,STL,CB,B.Fletcher
2011,Brady Poppinga,STL,OLB,B.Poppinga
2011,Brandon Gibson,STL,WR,B.Gibson
2011,Brandon Lloyd,STL,WR,B.Lloyd
2011,Brian Jackson,STL,DB,B.Jackson
2011,Brit Miller,STL,FB,B.Miller
2011,Bryan Kehl,STL,OLB,B.Kehl
2011,C.J. Ah You,STL,DT,C.You
2011,Cadillac Williams,STL,RB,C.Williams
2011,Chris Chamberlain,STL,OLB,C.Chamberlain
2011,Chris Long,STL,DE,C.Long
2011,Chris Smith,STL,DB,C.Smith
2011,Craig Dahl,STL,SS,C.Dahl
2011,Danario Alexander,STL,WR,D.Alexander
2011,Danny Amendola,STL,WR,D.Amendola
2011,Darell Scott,STL,DT,D.Scott
2011,Darian Stewart,STL,SS,D.Stewart
2011,David Nixon,STL,LB,D.Nixon
2011,Donnie Jones,STL,P,D.Jones
2011,Eugene Sims,STL,DE,E.Sims
2011,Fred Robbins,STL,DT,F.Robbins
2011,Gary Gibson,STL,DT,G.Gibson
2011,Greg Salas,STL,WR,G.Salas
2011,James Butler,STL,DB,J.Butler
2011,James Hall,STL,DE,J.Hall
2011,James Laurinaitis,STL,MLB,J.Laurinaitis
2011,Jerious Norwood,STL,RB,J.Norwood
2011,Josh Brown,STL,K,J.Brown
2011,Josh Gordy,STL,CB,J.Gordy
2011,Josh Hull,STL,LB,J.Hull
2011,Justin Bannan,STL,DT,J.Bannan
2011,Justin Cole,STL,LB,J.Cole
2011,Justin King,STL,CB,J.King
2011,Kellen Clemens,STL,QB,K.Clemens
2011,Lance Kendricks,STL,TE,L.Kendricks
2011,Mark Clayton,STL,WR,M.Clayton
2011,Marquis Johnson,STL,DB,M.Johnson
2011,Michael Hoomanawanui,STL,TE,M.Hoomanawanui
2011,Nate Ness,STL,DB,N.Ness
2011,Nick Miller,STL,WR,N.Miller
2011,Quinn Porter,STL,RB,Q.Porter
2011,Quintin Mikell,STL,FS,Q.Mikell
2011,Robert Quinn,STL,DE,R.Quinn
2011,Roderick Hood,STL,CB,R.Hood
2011,Ron Bartell,STL,CB,R.Bartell
2011,Sam Bradford,STL,QB,S.Bradford
2011,Stephen Spach,STL,TE,S.Spach
2011,Steven Jackson,STL,RB,S.Jackson
2011,Tim Atchison,STL,DB,T.Atchison
2011,Tom Brandstater,STL,QB,T.Brandstater
2011,Aaron Berry,DET,CB,A.Berry
2011,Aaron Brown,DET,RB,A.Brown
2011,Alphonso Smith,DET,CB,A.Smith
2011,Amari Spievey,DET,SS,A.Spievey
2011,Andre Fluellen,DET,DT,A.Fluellen
2011,Ashlee Palmer,DET,LB,A.Palmer
2011,Ben Graham,DET,P,B.Graham
2011,Bobby Carpenter,DET,OLB,B.Carpenter
2011,Brandon McDonald,DET,DB,B.McDonald
2011,Brandon Pettigrew,DET,TE,B.Pettigrew
2011,Calvin Johnson,DET,WR,C.Johnson
2011,Chris Harris,DET,FS,C.Harris
2011,Chris Houston,DET,CB,C.Houston
2011,Cliff Avril,DET,DE,C.Avril
2011,Corey Williams,DET,DT,C.Williams
2011,DeAndre Levy,DET,OLB,D.Levy
2011,Don Carey,DET,DB,D.Carey
2011,Doug Hogue,DET,LB,D.Hogue
2011,Eric Wright,DET,CB,E.Wright
2011,Erik Coleman,DET,DB,E.Coleman
2011,Isaiah Ekejiuba,DET,LB,I.Ekejiuba
2011,Jahvid Best,DET,RB,J.Best
2011,Jason Hanson,DET,K,J.Hanson
2011,Jerome Harrison,DET,RB,J.Harrison
2011,John Wendling,DET,SS,J.Wendling
2011,Justin Durant,DET,OLB,J.Durant
2011,Keiland Williams,DET,RB,K.Williams
2011,Kevin Smith,DET,RB,K.Smith
2011,Keyunta Dawson,DET,DE,K.Dawson
2011,Kyle Vanden Bosch,DET,DE,K.Bosch
2011,Lawrence Jackson,DET,DE,L.Jackson
2011,Louis Delmas,DET,FS,L.Delmas
2011,Matthew Stafford,DET,QB,M.Stafford
2011,Maurice Morris,DET,RB,M.Morris
2011,Maurice Stovall,DET,WR,M.Stovall
2011,Nate Burleson,DET,WR,N.Burleson
2011,Ndamukong Suh,DET,DT,N.Suh
2011,Nick Fairley,DET,DT,N.Fairley
2011,Rashied Davis,DET,WR,R.Davis
2011,Ricardo Silva,DET,DB,R.Silva
2011,Robert Malone,DET,P,R.Malone
2011,Ryan Donahue,DET,P,R.Donahue
2011,Sammie Lee Hill,DET,DT,S.Hill
2011,Shaun Hill,DET,QB,S.Hill
2011,Stefan Logan,DET,WR,S.Logan
2011,Stephen Tulloch,DET,MLB,S.Tulloch
2011,Titus Young,DET,WR,T.Young
2011,Tony Scheffler,DET,TE,T.Scheffler
2011,Vincent Fuller,DET,DB,V.Fuller
2011,Will Heller,DET,TE,W.Heller
2011,Willie Young,DET,DE,W.Young
2011,Adam Hayward,TB,MLB,A.Hayward
2011,Adrian Clayborn,TB,DE,A.Clayborn
2011,Ahmad Black,TB,DB,A.Black
2011,Albert Haynesworth,TB,DT,A.Haynesworth
2011,Anthony Gaitor,TB,DB,A.Gaitor
2011,Aqib Talib,TB,CB,A.Talib
2011,Arrelious Benn,TB,WR,A.Benn
2011,Brian Price,TB,DT,B.Price
2011,Cody Grimm,TB,FS,C.Grimm
2011,Collin Franklin,TB,TE,C.Franklin
2011,Connor Barth,TB,K,C.Barth
2011,Corey Lynch,TB,FS,C.Lynch
2011,Da'Quan Bowers,TB,DE,D.Bowers
2011,Daniel Te'o-Nesheim,TB,DE,D.Te'o-Nesheim
2011,Dekoda Watson,TB,OLB,D.Watson
2011,Devin Holland,TB,DB,D.Holland
2011,Dezmon Briscoe,TB,WR,D.Briscoe
2011,E.J. Biggers,TB,CB,E.Biggers
2011,Earnest Graham,TB,RB,E.Graham
2011,Elbert Mack,TB,DB,E.Mack
2011,Frank Okam,TB,DT,F.Okam
2011,Geno Hayes,TB,OLB,G.Hayes
2011,George Johnson,TB,DE,G.Johnson
2011,Gerald McCoy,TB,DT,G.McCoy
2011,Jacob Cutrera,TB,LB,J.Cutrera
2011,John McCargo,TB,DT,J.McCargo
2011,Josh Freeman,TB,QB,J.Freeman
2011,Josh Johnson,TB,QB,J.Johnson
2011,Jovan Haye,TB,DE,J.Haye
2011,Kellen Winslow,TB,TE,K.Winslow
2011,Kregg Lumpkin,TB,RB,K.Lumpkin
2011,Larry Asante,TB,SS,L.Asante
2011,LeGarrette Blount,TB,RB,L.Blount
2011,Luke Stocker,TB,TE,L.Stocker
2011,Mason Foster,TB,MLB,M.Foster
2011,Michael Bennett,TB,DE,M.Bennett
2011,Michael Koenen,TB,P,M.Koenen
2011,Micheal Spurlock,TB,WR,M.Spurlock
2011,Mike Williams,TB,WR,M.Williams
2011,Mossis Madu,TB,RB,M.Madu
2011,Myron Lewis,TB,DB,M.Lewis
2011,Nick Reed,TB,DE,N.Reed
2011,Preston Parker,TB,WR,P.Parker
2011,Quincy Black,TB,OLB,Q.Black
2011,Ronde Barber,TB,CB,R.Barber
2011,Roy Miller,TB,DT,R.Miller
2011,Sammie Stroughter,TB,WR,S.Stroughter
2011,Sean Jones,TB,SS,S.Jones
2011,Tanard Jackson,TB,FS,T.Jackson
2011,Tim Crowder,TB,DE,T.Crowder
2011,Zack Pianalto,TB,TE,Z.Pianalto
2011,Adam Podlesh,CHI,P,A.Podlesh
2011,Amobi Okoye,CHI,DT,A.Okoye
2011,Anthony Adams,CHI,DT,A.Adams
2011,Anthony Walters,CHI,DB,A.Walters
2011,Armando Allen,CHI,RB,A.Allen
2011,Brandon Meriweather,CHI,FS,B.Meriweather
2011,Brian Urlacher,CHI,MLB,B.Urlacher
2011,Caleb Hanie,CHI,QB,C.Hanie
2011,Charles Tillman,CHI,CB,C.Tillman
2011,Chauncey Davis,CHI,DE,C.Davis
2011,Chris Conte,CHI,FS,C.Conte
2011,Corey Graham,CHI,DB,C.Graham
2011,Corey Wootton,CHI,DE,C.Wootton
2011,Craig Steltz,CHI,SS,C.Steltz
2011,D.J. Moore,CHI,DB,D.Moore
2011,Dane Sanzenbacher,CHI,WR,D.Sanzenbacher
2011,Devin Hester,CHI,WR,D.Hester
2011,Dom DeCicco,CHI,LB,D.DeCicco
2011,Earl Bennett,CHI,WR,E.Bennett
2011,Henry Melton,CHI,DT,H.Melton
2011,Israel Idonije,CHI,DE,I.Idonije
2011,Jabara Williams,CHI,LB,J.Williams
2011,Jay Cutler,CHI,QB,J.Cutler
2011,Johnny Knox,CHI,WR,J.Knox
2011,Jordan Miller,CHI,DT,J.Miller
2011,Josh McCown,CHI,QB,J.McCown
2011,Julius Peppers,CHI,DE,J.Peppers
2011,Kahlil Bell,CHI,RB,K.Bell
2011,Kellen Davis,CHI,TE,K.Davis
2011,Kyle Adams,CHI,TE,K.Adams
2011,Lance Briggs,CHI,OLB,L.Briggs
2011,Major Wright,CHI,SS,M.Wright
2011,Marion Barber,CHI,RB,M.Barber
2011,Matt Forte,CHI,RB,M.Forte
2011,Matt Spaeth,CHI,TE,M.Spaeth
2011,Matt Toeaina,CHI,DT,M.Toeaina
2011,Nick Roach,CHI,OLB,N.Roach
2011,Patrick Trahan,CHI,LB,P.Trahan
2011,Robbie Gould,CHI,K,R.Gould
2011,Roy Williams,CHI,WR,R.Williams
2011,Sam Hurd,CHI,WR,S.Hurd
2011,Stephen Paea,CHI,DT,S.Paea
2011,Thaddeus Gibson,CHI,DE,T.Gibson
2011,Tim Jennings,CHI,CB,T.Jennings
2011,Tyler Clutts,CHI,FB,T.Clutts
2011,Winston Venable,CHI,SS,W.Venable
2011,Zack Bowman,CHI,CB,Z.Bowman
2011,Akeem Dent,ATL,LB,A.Dent
2011,Brent Grimes,ATL,CB,B.Grimes
2011,Carlton Powell,ATL,DT,C.Powell
2011,Chris Owens,ATL,DB,C.Owens
2011,Chris Redman,ATL,QB,C.Redman
2011,Cliff Matthews,ATL,DE,C.Matthews
2011,Corey Peters,ATL,DT,C.Peters
2011,Curtis Lofton,ATL,MLB,C.Lofton
2011,Darrin Walls,ATL,DB,D.Walls
2011,Dominique Franks,ATL,CB,D.Franks
2011,Dunta Robinson,ATL,CB,D.Robinson
2011,Eric Weems,ATL,WR,E.Weems
2011,Harry Douglas,ATL,WR,H.Douglas
2011,Jacquizz Rodgers,ATL,RB,J.Rodgers
2011,James Sanders,ATL,SS,J.Sanders
2011,Jason Snelling,ATL,RB,J.Snelling
2011,John Abraham,ATL,DE,J.Abraham
2011,Jonathan Babineaux,ATL,DT,J.Babineaux
2011,Julio Jones,ATL,WR,J.Jones
2011,Kelvin Hayden,ATL,DB,K.Hayden
2011,Kerry Meier,ATL,WR,K.Meier
2011,Kroy Biermann,ATL,DE,K.Biermann
2011,Lawrence Sidbury,ATL,DE,L.Sidbury
2011,Matt Bosher,ATL,P,M.Bosher
2011,Matt Bryant,ATL,K,M.Bryant
2011,Matt Ryan,ATL,QB,M.Ryan
2011,Michael Palmer,ATL,TE,M.Palmer
2011,Michael Turner,ATL,RB,M.Turner
2011,Mike Peterson,ATL,OLB,M.Peterson
2011,Ovie Mughelli,ATL,FB,O.Mughelli
2011,Peria Jerry,ATL,DT,P.Jerry
2011,Ray Edwards,ATL,DE,R.Edwards
2011,Reggie Kelly,ATL,TE,R.Kelly
2011,Robert James,ATL,LB,R.James
2011,Roddy White,ATL,WR,R.White
2011,Sean Weatherspoon,ATL,OLB,S.Weatherspoon
2011,Shann Schillinger,ATL,DB,S.Schillinger
2011,Spencer Adkins,ATL,OLB,S.Adkins
2011,Stephen Nicholas,ATL,OLB,S.Nicholas
2011,Thomas DeCoud,ATL,FS,T.DeCoud
2011,Tony Gonzalez,ATL,TE,T.Gonzalez
2011,Vance Walker,ATL,DT,V.Walker
2011,William Moore,ATL,SS,W.Moore
2011,Allen Bailey,KC,DE,A.Bailey
2011,Amon Gordon,KC,DE,A.Gordon
2011,Andy Studebaker,KC,OLB,A.Studebaker
2011,Anthony Becht,KC,TE,A.Becht
2011,Brandon Bair,KC,DE,B.Bair
2011,Brandon Carr,KC,CB,B.Carr
2011,Brandon Flowers,KC,CB,B.Flowers
2011,Cameron Sheffield,KC,OLB,C.Sheffield
2011,Cory Greenwood,KC,LB,C.Greenwood
2011,Demorrio Williams,KC,LB,D.Williams
2011,Derrick Johnson,KC,ILB,D.Johnson
2011,Dexter McCluster,KC,RB,D.McCluster
2011,Donald Washington,KC,SS,D.Washington
2011,Dustin Colquitt,KC,P,D.Colquitt
2011,Dwayne Bowe,KC,WR,D.Bowe
2011,Eric Berry,KC,SS,E.Berry
2011,Glenn Dorsey,KC,DE,G.Dorsey
2011,Jackie Battle,KC,RB,J.Battle
2011,Jake O'Connell,KC,TE,J.O'Connell
2011,Jalil Brown,KC,DB,J.Brown
2011,Jamaal Charles,KC,RB,J.Charles
2011,Javier Arenas,KC,DB,J.Arenas
2011,Jeremy Horne,KC,WR,J.Horne
2011,Jerheme Urban,KC,WR,J.Urban
2011,Jerrell Powe,KC,NT,J.Powe
2011,Jon Baldwin,KC,WR,J.Baldwin
2011,Jon McGraw,KC,SS,J.McGraw
2011,Jovan Belcher,KC,ILB,J.Belcher
2011,Justin Houston,KC,OLB,J.Houston
2011,Keary Colbert,KC,WR,K.Colbert
2011,Kelly Gregg,KC,NT,K.Gregg
2011,Kendrick Lewis,KC,FS,K.Lewis
2011,Kyle Orton,KC,QB,K.Orton
2011,Le'Ron McClain,KC,FB,L.McClain
2011,Leonard Pope,KC,TE,L.Pope
2011,Matt Cassel,KC,QB,M.Cassel
2011,Reshard Langford,KC,SS,R.Langford
2011,Ryan Succop,KC,K,R.Succop
2011,Sabby Piscitelli,KC,SS,S.Piscitelli
2011,Steve Breaston,KC,WR,S.Breaston
2011,Tamba Hali,KC,OLB,T.Hali
2011,Terrance Copper,KC,WR,T.Copper
2011,Thomas Jones,KC,RB,T.Jones
2011,Travis Daniels,KC,DB,T.Daniels
2011,Tyler Palko,KC,QB,T.Palko
2011,Tyson Jackson,KC,DE,T.Jackson
2011,Wallace Gilberry,KC,DE,W.Gilberry
2011,Aaron Williams,BUF,CB,A.Williams
2011,Alex Carrington,BUF,DE,A.Carrington
2011,Andra Davis,BUF,ILB,A.Davis
2011,Antonio Coleman,BUF,DE,A.Coleman
2011,Arthur Moats,BUF,LB,A.Moats
2011,Brad Smith,BUF,WR,B.Smith
2011,Brandon Coutu,BUF,K,B.Coutu
2011,Brian Moorman,BUF,P,B.Moorman
2011,Bryan Scott,BUF,DB,B.Scott
2011,C.J. Spiller,BUF,RB,C.Spiller
2011,Chris Kelsay,BUF,OLB,C.Kelsay
2011,Chris White,BUF,LB,C.White
2011,Da'Norris Searcy,BUF,SS,D.Searcy
2011,Danny Batten,BUF,OLB,D.Batten
2011,Dave Rayner,BUF,K,D.Rayner
2011,David Nelson,BUF,WR,D.Nelson
2011,Derek Hagan,BUF,WR,D.Hagan
2011,Donald Jones,BUF,WR,D.Jones
2011,Drayton Florence,BUF,CB,D.Florence
2011,Dwan Edwards,BUF,DE,D.Edwards
2011,Fred Jackson,BUF,RB,F.Jackson
2011,George Wilson,BUF,SS,G.Wilson
2011,Jairus Byrd,BUF,FS,J.Byrd
2011,Jarron Gilbert,BUF,DT,J.Gilbert
2011,Johnny White,BUF,RB,J.White
2011,Justin Rogers,BUF,DB,J.Rogers
2011,Kellen Heard,BUF,NT,K.Heard
2011,Kelvin Sheppard,BUF,ILB,K.Sheppard
2011,Kevin Brock,BUF,TE,K.Brock
2011,Kirk Morrison,BUF,LB,K.Morrison
2011,Kyle Moore,BUF,DE,K.Moore
2011,Kyle Williams,BUF,NT,K.Williams
2011,Lee Smith,BUF,TE,L.Smith
2011,Leodis McKelvin,BUF,CB,L.McKelvin
2011,Lionel Dotson,BUF,DT,L.Dotson
2011,Marcell Dareus,BUF,DE,M.Dareus
2011,Michael Jasper,BUF,DT,M.Jasper
2011,Mike Caussin,BUF,TE,M.Caussin
2011,Naaman Roosevelt,BUF,WR,N.Roosevelt
2011,Nick Barnett,BUF,ILB,N.Barnett
2011,Reggie Corner,BUF,DB,R.Corner
2011,Rian Lindell,BUF,K,R.Lindell
2011,Robert Eddins,BUF,LB,R.Eddins
2011,Roscoe Parrish,BUF,WR,R.Parrish
2011,Ruvell Martin,BUF,WR,R.Martin
2011,Ryan Fitzpatrick,BUF,QB,R.Fitzpatrick
2011,Scott Chandler,BUF,TE,S.Chandler
2011,Shawne Merriman,BUF,OLB,S.Merriman
2011,Spencer Johnson,BUF,OLB,S.Johnson
2011,Steve Johnson,BUF,WR,S.Johnson
2011,Tashard Choice,BUF,RB,T.Choice
2011,Terrence McGee,BUF,CB,T.McGee
2011,Torell Troup,BUF,DT,T.Troup
2011,Tyler Thigpen,BUF,QB,T.Thigpen
2011,Ahmard Hall,TEN,FB,A.Hall
2011,Akeem Ayers,TEN,OLB,A.Ayers
2011,Alterraun Verner,TEN,CB,A.Verner
2011,Anthony Smith,TEN,DB,A.Smith
2011,Barrett Ruud,TEN,MLB,B.Ruud
2011,Brett Kern,TEN,P,B.Kern
2011,Chris Hawkins,TEN,CB,C.Hawkins
2011,Chris Hope,TEN,SS,C.Hope
2011,Chris Johnson,TEN,RB,C.Johnson
2011,Colin McCarthy,TEN,MLB,C.McCarthy
2011,Cortland Finnegan,TEN,CB,C.Finnegan
2011,Craig Stevens,TEN,TE,C.Stevens
2011,Damian Williams,TEN,WR,D.Williams
2011,Daniel Graham,TEN,TE,D.Graham
2011,Dave Ball,TEN,DE,D.Ball
2011,Derrick Morgan,TEN,DE,D.Morgan
2011,Donnie Avery,TEN,WR,D.Avery
2011,Gerald McRath,TEN,LB,G.McRath
2011,Jake Locker,TEN,QB,J.Locker
2011,Jamie Harper,TEN,RB,J.Harper
2011,Jared Cook,TEN,TE,J.Cook
2011,Jason Jones,TEN,DE,J.Jones
2011,Jason McCourty,TEN,CB,J.McCourty
2011,Javon Ringer,TEN,RB,J.Ringer
2011,Jordan Babineaux,TEN,SS,J.Babineaux
2011,Jurrell Casey,TEN,DT,J.Casey
2011,Karl Klug,TEN,DT,K.Klug
2011,Kenny Britt,TEN,WR,K.Britt
2011,Kevin Malast,TEN,LB,K.Malast
2011,Lavelle Hawkins,TEN,WR,L.Hawkins
2011,Malcolm Sheppard,TEN,DT,M.Sheppard
2011,Marc Mariani,TEN,WR,M.Mariani
2011,Matt Hasselbeck,TEN,QB,M.Hasselbeck
2011,Michael Griffin,TEN,FS,M.Griffin
2011,Nate Washington,TEN,WR,N.Washington
2011,Patrick Bailey,TEN,LB,P.Bailey
2011,Rob Bironas,TEN,K,R.Bironas
2011,Robert Johnson,TEN,DB,R.Johnson
2011,Sen'Derrick Marks,TEN,DT,S.Marks
2011,Shaun Smith,TEN,DT,S.Smith
2011,Tim Shaw,TEN,LB,T.Shaw
2011,Tommie Campbell,TEN,DB,T.Campbell
2011,Will Witherspoon,TEN,OLB,W.Witherspoon
2011,William Hayes,TEN,DE,W.Hayes
2011,Zach Clayton,TEN,DT,Z.Clayton
2011,Aaron Kampman,JAC,DE,A.Kampman
2011,Akwasi Owusu-Ansah,JAC,SS,A.Owusu-Ansah
2011,Ashton Youboty,JAC,CB,A.Youboty
2011,Austen Lane,JAC,DE,A.Lane
2011,Blaine Gabbert,JAC,QB,B.Gabbert
2011,Brock Bolen,JAC,RB,B.Bolen
2011,C.C. Brown,JAC,DB,C.Brown
2011,C.J. Mosley,JAC,DT,C.Mosley
2011,Cecil Shorts,JAC,WR,C.Shorts
2011,Chastin West,JAC,WR,C.West
2011,Chris Prosinski,JAC,SS,C.Prosinski
2011,Clint Session,JAC,OLB,C.Session
2011,Colin Cloherty,JAC,TE,C.Cloherty
2011,Corvey Irvin,JAC,DT,C.Irvin
2011,Courtney Greene,JAC,SS,C.Greene
2011,Darcel McBath,JAC,DB,D.McBath
2011,Daryl Smith,JAC,OLB,D.Smith
2011,David Jones,JAC,DB,D.Jones
2011,Dawan Landry,JAC,FS,D.Landry
2011,Deji Karim,JAC,RB,D.Karim
2011,Derek Cox,JAC,CB,D.Cox
2011,Drew Coleman,JAC,DB,D.Coleman
2011,DuJuan Harris,JAC,RB,D.Harris
2011,Dwight Lowery,JAC,SS,D.Lowery
2011,George Selvie,JAC,DE,G.Selvie
2011,Greg Jones,JAC,FB,G.Jones
2011,Jammie Kirlew,JAC,DE,J.Kirlew
2011,Jarett Dillard,JAC,WR,J.Dillard
2011,Jason Hill,JAC,WR,J.Hill
2011,Jeremy Mincey,JAC,DE,J.Mincey
2011,John Chick,JAC,DE,J.Chick
2011,Josh Scobee,JAC,K,J.Scobee
2011,Kassim Osgood,JAC,WR,K.Osgood
2011,Kevin Rutland,JAC,CB,K.Rutland
2011,Kyle Bosworth,JAC,LB,K.Bosworth
2011,Leger Douzable,JAC,DE,L.Douzable
2011,Luke McCown,JAC,QB,L.McCown
2011,Marcedes Lewis,JAC,TE,M.Lewis
2011,Martin Rucker,JAC,TE,M.Rucker
2011,Matt Roth,JAC,DE,M.Roth
2011,Maurice Jones-Drew,JAC,RB,M.Jones-Drew
2011,Michael Lockley,JAC,LB,M.Lockley
2011,Mike Sims-Walker,JAC,WR,M.Sims-Walker
2011,Mike Thomas,JAC,WR,M.Thomas
2011,Montell Owens,JAC,RB,M.Owens
2011,Morgan Trent,JAC,CB,M.Trent
2011,Nate Collins,JAC,DT,N.Collins
2011,Nick Harris,JAC,P,N.Harris
2011,Paul Posluszny,JAC,MLB,P.Posluszny
2011,Rashean Mathis,JAC,CB,R.Mathis
2011,Robert McClain,JAC,DB,R.McClain
2011,Rod Issac,JAC,DB,R.Issac
2011,Russell Allen,JAC,OLB,R.Allen
2011,Stephen Franklin,JAC,LB,S.Franklin
2011,T.J. Heath,JAC,DB,T.Heath
2011,Taylor Price,JAC,WR,T.Price
2011,Terrance Knighton,JAC,DT,T.Knighton
2011,Trumaine McBride,JAC,DB,T.McBride
2011,Tyson Alualu,JAC,DT,T.Alualu
2011,William Middleton,JAC,CB,W.Middleton
2011,Zach Miller,JAC,TE,Z.Miller
2011,Zach Potter,JAC,TE,Z.Potter
2011,Andre Johnson,HOU,WR,A.Johnson
2011,Antonio Smith,HOU,DE,A.Smith
2011,Arian Foster,HOU,RB,A.Foster
2011,Ben Tate,HOU,RB,B.Tate
2011,Brandon Harris,HOU,DB,B.Harris
2011,Brett Hartmann,HOU,P,B.Hartmann
2011,Brian Cushing,HOU,ILB,B.Cushing
2011,Brice McCain,HOU,DB,B.McCain
2011,Brooks Reed,HOU,OLB,B.Reed
2011,Bryan Braman,HOU,LB,B.Braman
2011,Bryant Johnson,HOU,WR,B.Johnson
2011,Connor Barwin,HOU,OLB,C.Barwin
2011,Danieal Manning,HOU,FS,D.Manning
2011,Darryl Sharpton,HOU,LB,D.Sharpton
2011,DeMeco Ryans,HOU,ILB,D.Ryans
2011,Derrick Mason,HOU,WR,D.Mason
2011,Derrick Ward,HOU,RB,D.Ward
2011,Dominique Barber,HOU,DB,D.Barber
2011,Earl Mitchell,HOU,DT,E.Mitchell
2011,Garrett Graham,HOU,TE,G.Graham
2011,Glover Quin,HOU,SS,G.Quin
2011,J.J. Watt,HOU,DE,J.Watt
2011,Jacoby Jones,HOU,WR,J.Jones
2011,Jake Delhomme,HOU,QB,J.Delhomme
2011,James Casey,HOU,TE,J.Casey
2011,Jason Allen,HOU,CB,J.Allen
2011,Jeff Maehl,HOU,WR,J.Maehl
2011,Jesse Nading,HOU,DE,J.Nading
2011,Joel Dreessen,HOU,TE,J.Dreessen
2011,Johnathan Joseph,HOU,CB,J.Joseph
2011,Kareem Jackson,HOU,CB,K.Jackson
2011,Kevin Walter,HOU,WR,K.Walter
2011,Lawrence Vickers,HOU,FB,L.Vickers
2011,Mario Williams,HOU,OLB,M.Williams
2011,Matt Leinart,HOU,QB,M.Leinart
2011,Matt Schaub,HOU,QB,M.Schaub
2011,Matt Turk,HOU,P,M.Turk
2011,Mister Alexander,HOU,LB,M.Alexander
2011,Neil Rackers,HOU,K,N.Rackers
2011,Owen Daniels,HOU,TE,O.Daniels
2011,Quintin Demps,HOU,DB,Q.Demps
2011,Roc Carmichael,HOU,DB,R.Carmichael
2011,Shaun Cody,HOU,NT,S.Cody
2011,Sherrick McManis,HOU,DB,S.McManis
2011,Shiloh Keo,HOU,DB,S.Keo
2011,T.J. Yates,HOU,QB,T.Yates
2011,Tim Bulman,HOU,DT,T.Bulman
2011,Tim Dobbins,HOU,LB,T.Dobbins
2011,Tim Jamison,HOU,DE,T.Jamison
2011,Trindon Holliday,HOU,WR,T.Holliday
2011,Troy Nolan,HOU,FS,T.Nolan
2011,A.J. Edds,IND,LB,A.Edds
2011,Adam Vinatieri,IND,K,A.Vinatieri
2011,Anthony Gonzalez,IND,WR,A.Gonzalez
2011,Anthony Hill,IND,TE,A.Hill
2011,Antoine Bethea,IND,FS,A.Bethea
2011,Antonio Johnson,IND,DT,A.Johnson
2011,Austin Collie,IND,WR,A.Collie
2011,Blair White,IND,WR,B.White
2011,Brandon King,IND,DB,B.King
2011,Brody Eldridge,IND,TE,B.Eldridge
2011,Chris Rucker,IND,CB,C.Rucker
2011,Curtis Painter,IND,QB,C.Painter
2011,Dallas Clark,IND,TE,D.Clark
2011,Dan Orlovsky,IND,QB,D.Orlovsky
2011,Daniel Muir,IND,DT,D.Muir
2011,David Caldwell,IND,SS,D.Caldwell
2011,Delone Carter,IND,RB,D.Carter
2011,Donald Brown,IND,RB,D.Brown
2011,Drake Nevis,IND,DT,D.Nevis
2011,Dwight Freeney,IND,DE,D.Freeney
2011,Eric Foster,IND,DT,E.Foster
2011,Ernie Sims,IND,OLB,E.Sims
2011,Fili Moala,IND,DT,F.Moala
2011,Gary Brackett,IND,MLB,G.Brackett
2011,Jacob Lacey,IND,CB,J.Lacey
2011,Jacob Tamme,IND,TE,J.Tamme
2011,Jamaal Anderson,IND,DE,J.Anderson
2011,Jermale Hines,IND,DB,J.Hines
2011,Jerraud Powers,IND,CB,J.Powers
2011,Jerry Hughes,IND,DE,J.Hughes
2011,Joe Young,IND,SS,J.Young
2011,Joseph Addai,IND,RB,J.Addai
2011,Kavell Conner,IND,OLB,K.Conner
2011,Kerry Collins,IND,QB,K.Collins
2011,Kevin Bentley,IND,LB,K.Bentley
2011,Kevin Thomas,IND,CB,K.Thomas
2011,Mario Addison,IND,DE,M.Addison
2011,Melvin Bullitt,IND,SS,M.Bullitt
2011,Mike Holmes,IND,CB,M.Holmes
2011,Pat Angerer,IND,MLB,P.Angerer
2011,Pat McAfee,IND,P,P.McAfee
2011,Philip Wheeler,IND,OLB,P.Wheeler
2011,Pierre Garcon,IND,WR,P.Garcon
2011,Reggie Wayne,IND,WR,R.Wayne
2011,Ricardo Mathews,IND,DT,R.Mathews
2011,Robert Mathis,IND,DE,R.Mathis
2011,Scott Lutrus,IND,LB,S.Lutrus
2011,Stevie Brown,IND,DB,S.Brown
2011,Terrence Johnson,IND,CB,T.Johnson
2011,Tyler Brayton,IND,DT,T.Brayton
2011,Zac Diles,IND,LB,Z.Diles
2011,Ahtyba Rubin,CLE,DT,A.Rubin
2011,Alex Smith,CLE,TE,A.Smith
2011,Armond Smith,CLE,RB,A.Smith
2011,Auston English,CLE,LB,A.English
2011,Ben Jacobs,CLE,LB,B.Jacobs
2011,Benjamin Watson,CLE,TE,B.Watson
2011,Brad Maynard,CLE,P,B.Maynard
2011,Brian Sanford,CLE,DE,B.Sanford
2011,Brian Schaefering,CLE,NT,B.Schaefering
2011,Brian Smith,CLE,LB,B.Smith
2011,Buster Skrine,CLE,DB,B.Skrine
2011,Carlton Mitchell,CLE,WR,C.Mitchell
2011,Chris Gocong,CLE,OLB,C.Gocong
2011,Chris Ogbonnaya,CLE,RB,C.Ogbonnaya
2011,Colt McCoy,CLE,QB,C.McCoy
2011,D'Qwell Jackson,CLE,MLB,D.Jackson
2011,Dimitri Patterson,CLE,CB,D.Patterson
2011,Emmanuel Stephens,CLE,DE,E.Stephens
2011,Eric Hagg,CLE,DB,E.Hagg
2011,Evan Moore,CLE,TE,E.Moore
2011,Greg Little,CLE,WR,G.Little
2011,Jabaal Sheard,CLE,DE,J.Sheard
2011,James Dockery,CLE,CB,J.Dockery
2011,Jayme Mitchell,CLE,DE,J.Mitchell
2011,Joe Haden,CLE,CB,J.Haden
2011,Jordan Cameron,CLE,TE,J.Cameron
2011,Jordan Norwood,CLE,WR,J.Norwood
2011,Josh Cribbs,CLE,WR,J.Cribbs
2011,Kaluka Maiava,CLE,OLB,K.Maiava
2011,Kiante Tripp,CLE,DT,K.Tripp
2011,Marcus Benard,CLE,DL,M.Benard
2011,Mike Adams,CLE,FS,M.Adams
2011,Mohamed Massaquoi,CLE,WR,M.Massaquoi
2011,Montario Hardesty,CLE,RB,M.Hardesty
2011,Owen Marecic,CLE,FB,O.Marecic
2011,Peyton Hillis,CLE,RB,P.Hillis
2011,Phil Dawson,CLE,K,P.Dawson
2011,Phillip Taylor,CLE,DT,P.Taylor
2011,Quinton Spears,CLE,LB,Q.Spears
2011,Raymond Ventrone,CLE,DB,R.Ventrone
2011,Richmond McGee,CLE,P,R.McGee
2011,Scott Fujita,CLE,OLB,S.Fujita
2011,Scott Paxson,CLE,NT,S.Paxson
2011,Seneca Wallace,CLE,QB,S.Wallace
2011,Sheldon Brown,CLE,CB,S.Brown
2011,T.J. Ward,CLE,SS,T.Ward
2011,Thomas Clayton,CLE,RB,T.Clayton
2011,Titus Brown,CLE,LB,T.Brown
2011,Usama Young,CLE,SS,U.Young
2011,A.J. Green,CIN,WR,A.Green
2011,Adam Jones,CIN,CB,A.Jones
2011,Andre Caldwell,CIN,WR,A.Caldwell
2011,Andrew Hawkins,CIN,WR,A.Hawkins
2011,Andy Dalton,CIN,QB,A.Dalton
2011,Bernard Scott,CIN,RB,B.Scott
2011,Brandon Ghee,CIN,DB,B.Ghee
2011,Brandon Johnson,CIN,OLB,B.Johnson
2011,Brandon Tate,CIN,WR,B.Tate
2011,Brian Leonard,CIN,RB,B.Leonard
2011,Bruce Gradkowski,CIN,QB,B.Gradkowski
2011,Carlos Dunlap,CIN,DE,C.Dunlap
2011,Cedric Benson,CIN,RB,C.Benson
2011,Cedric Peerman,CIN,RB,C.Peerman
2011,Chris Crocker,CIN,SS,C.Crocker
2011,Colin Cochart,CIN,TE,C.Cochart
2011,Dan Skuta,CIN,MLB,D.Skuta
2011,Domata Peko,CIN,DT,D.Peko
2011,Donald Lee,CIN,TE,D.Lee
2011,Dontay Moch,CIN,LB,D.Moch
2011,Frostee Rucker,CIN,DE,F.Rucker
2011,Geno Atkins,CIN,DT,G.Atkins
2011,Gibril Wilson,CIN,DB,G.Wilson
2011,Jermaine Gresham,CIN,TE,J.Gresham
2011,Jerome Simpson,CIN,WR,J.Simpson
2011,Jeromy Miles,CIN,DB,J.Miles
2011,Jonathan Fanene,CIN,DE,J.Fanene
2011,Jordan Shipley,CIN,WR,J.Shipley
2011,Kelly Jennings,CIN,DB,K.Jennings
2011,Kevin Huber,CIN,P,K.Huber
2011,Leon Hall,CIN,CB,L.Hall
2011,Manny Lawson,CIN,OLB,M.Lawson
2011,Michael Johnson,CIN,DE,M.Johnson
2011,Mike Nugent,CIN,K,M.Nugent
2011,Nate Clements,CIN,CB,N.Clements
2011,Nick Hayden,CIN,DT,N.Hayden
2011,Pat Sims,CIN,DT,P.Sims
2011,Reggie Nelson,CIN,FS,R.Nelson
2011,Rey Maualuga,CIN,MLB,R.Maualuga
2011,Rico Murray,CIN,DB,R.Murray
2011,Robert Geathers,CIN,DE,R.Geathers
2011,Robert Sands,CIN,DB,R.Sands
2011,Ryan Whalen,CIN,WR,R.Whalen
2011,Taylor Mays,CIN,DB,T.Mays
2011,Thomas Howard,CIN,OLB,T.Howard
2011,Vincent Rey,CIN,LB,V.Rey
2011,Adrian Awasom,MIN,DE,A.Awasom
2011,Adrian Peterson,MIN,RB,A.Peterson
2011,Allen Reisner,MIN,TE,A.Reisner
2011,Andrew Sendejo,MIN,DB,A.Sendejo
2011,Antoine Winfield,MIN,CB,A.Winfield
2011,Asher Allen,MIN,CB,A.Allen
2011,Benny Sapp,MIN,CB,B.Sapp
2011,Bernard Berrian,MIN,WR,B.Berrian
2011,Brandon Burton,MIN,DB,B.Burton
2011,Brian Robison,MIN,DE,B.Robison
2011,Cedric Griffin,MIN,CB,C.Griffin
2011,Chad Greenway,MIN,OLB,C.Greenway
2011,Chris Cook,MIN,CB,C.Cook
2011,Chris Kluwe,MIN,P,C.Kluwe
2011,Christian Ballard,MIN,DT,C.Ballard
2011,Christian Ponder,MIN,QB,C.Ponder
2011,D'Aundre Reed,MIN,DE,D.Reed
2011,Devin Aromashodu,MIN,WR,D.Aromashodu
2011,Donovan McNabb,MIN,QB,D.McNabb
2011,E.J. Henderson,MIN,MLB,E.Henderson
2011,Emmanuel Arceneaux,MIN,WR,E.Arceneaux
2011,Eric Frampton,MIN,DB,E.Frampton
2011,Erin Henderson,MIN,OLB,E.Henderson
2011,Everson Griffen,MIN,DE,E.Griffen
2011,Fred Evans,MIN,NT,F.Evans
2011,Greg Camarillo,MIN,WR,G.Camarillo
2011,Husain Abdullah,MIN,FS,H.Abdullah
2011,Jamarca Sanford,MIN,SS,J.Sanford
2011,Jared Allen,MIN,DE,J.Allen
2011,Jarrad Page,MIN,SS,J.Page
2011,Jimmy Kleinsasser,MIN,TE,J.Kleinsasser
2011,Joe Webb,MIN,QB,J.Webb
2011,Kenny Onatolu,MIN,OLB,K.Onatolu
2011,Kevin Williams,MIN,DT,K.Williams
2011,Kyle Rudolph,MIN,TE,K.Rudolph
2011,Larry Dean,MIN,LB,L.Dean
2011,Letroy Guion,MIN,DT,L.Guion
2011,Lorenzo Booker,MIN,RB,L.Booker
2011,Marcus Sherels,MIN,CB,M.Sherels
2011,Michael Jenkins,MIN,WR,M.Jenkins
2011,Mistral Raymond,MIN,FS,M.Raymond
2011,Percy Harvin,MIN,WR,P.Harvin
2011,Remi Ayodele,MIN,DT,R.Ayodele
2011,Ryan D'Imperio,MIN,FB,R.D'Imperio
2011,Ryan Longwell,MIN,K,R.Longwell
2011,Stephen Burton,MIN,WR,S.Burton
2011,Toby Gerhart,MIN,RB,T.Gerhart
2011,Tyrell Johnson,MIN,FS,T.Johnson
2011,Visanthe Shiancoe,MIN,TE,V.Shiancoe
2011,Xavier Adibi,MIN,LB,X.Adibi
2011,Andrew Gachkar,SD,LB,A.Gachkar
2011,Antoine Cason,SD,CB,A.Cason
2011,Antonio Garay,SD,NT,A.Garay
2011,Antonio Gates,SD,TE,A.Gates
2011,Antwan Barnes,SD,OLB,A.Barnes
2011,Bob Sanders,SD,SS,B.Sanders
2011,Bront Bird,SD,LB,B.Bird
2011,Bryan Walters,SD,WR,B.Walters
2011,C.J. Wallace,SD,DB,C.Wallace
2011,Cam Thomas,SD,NT,C.Thomas
2011,Corey Liuget,SD,DE,C.Liuget
2011,Curtis Brinkley,SD,RB,C.Brinkley
2011,Dante Hughes,SD,DB,D.Hughes
2011,Darrell Stuckey,SD,DB,D.Stuckey
2011,Darryl Gamble,SD,LB,D.Gamble
2011,Donald Butler,SD,ILB,D.Butler
2011,Eric Weddle,SD,FS,E.Weddle
2011,Everette Brown,SD,DE,E.Brown
2011,Gerald Hayes,SD,LB,G.Hayes
2011,Jacob Hester,SD,FB,J.Hester
2011,Jacques Cesaire,SD,DE,J.Cesaire
2011,Jonas Mouton,SD,LB,J.Mouton
2011,Kory Sperry,SD,TE,K.Sperry
2011,Larry English,SD,OLB,L.English
2011,Luis Castillo,SD,DE,L.Castillo
2011,Malcom Floyd,SD,WR,M.Floyd
2011,Marcus Gilchrist,SD,CB,M.Gilchrist
2011,Mike Scifres,SD,P,M.Scifres
2011,Mike Tolbert,SD,RB,M.Tolbert
2011,Na'il Diggs,SD,LB,N.Diggs
2011,Nate Kaeding,SD,K,N.Kaeding
2011,Nate Triplett,SD,LB,N.Triplett
2011,Nick Novak,SD,K,N.Novak
2011,Patrick Crayton,SD,WR,P.Crayton
2011,Paul Oliver,SD,SS,P.Oliver
2011,Philip Rivers,SD,QB,P.Rivers
2011,Quentin Jammer,SD,CB,Q.Jammer
2011,Randy McMichael,SD,TE,R.McMichael
2011,Richard Goodman,SD,WR,R.Goodman
2011,Ryan Mathews,SD,RB,R.Mathews
2011,Shareece Wright,SD,DB,S.Wright
2011,Shaun Phillips,SD,OLB,S.Phillips
2011,Stephen Cooper,SD,LB,S.Cooper
2011,Steve Gregory,SD,SS,S.Gregory
2011,Takeo Spikes,SD,ILB,T.Spikes
2011,Tommie Harris,SD,DT,T.Harris
2011,Travis LaBoy,SD,OLB,T.LaBoy
2011,Vaughn Martin,SD,DE,V.Martin
2011,Vincent Brown,SD,WR,V.Brown
2011,Vincent Jackson,SD,WR,V.Jackson
2011,Adrian Moten,SEA,LB,A.Moten
2011,Alan Branch,SEA,DT,A.Branch
2011,Anthony Hargrove,SEA,DE,A.Hargrove
2011,Anthony McCoy,SEA,TE,A.McCoy
2011,Atari Bigby,SEA,SS,A.Bigby
2011,Ben Obomanu,SEA,WR,B.Obomanu
2011,Brandon Browner,SEA,CB,B.Browner
2011,Brandon Mebane,SEA,DT,B.Mebane
2011,Byron Maxwell,SEA,DB,B.Maxwell
2011,Cameron Morrah,SEA,TE,C.Morrah
2011,Charlie Whitehurst,SEA,QB,C.Whitehurst
2011,Chris Clemons,SEA,DE,C.Clemons
2011,Chris Maragos,SEA,DB,C.Maragos
2011,Clinton McDonald,SEA,DT,C.McDonald
2011,David Hawthorne,SEA,MLB,D.Hawthorne
2011,David Vobora,SEA,LB,D.Vobora
2011,Deon Butler,SEA,WR,D.Butler
2011,Dexter Davis,SEA,DE,D.Davis
2011,Doug Baldwin,SEA,WR,D.Baldwin
2011,Earl Thomas,SEA,FS,E.Thomas
2011,Golden Tate,SEA,WR,G.Tate
2011,Heath Farwell,SEA,LB,H.Farwell
2011,Jeron Johnson,SEA,DB,J.Johnson
2011,Jon Ryan,SEA,P,J.Ryan
2011,Justin Forsett,SEA,RB,J.Forsett
2011,K.J. Wright,SEA,OLB,K.Wright
2011,Kam Chancellor,SEA,SS,K.Chancellor
2011,Kennard Cox,SEA,DB,K.Cox
2011,Kris Durham,SEA,WR,K.Durham
2011,Lazarius Levingston,SEA,DE,L.Levingston
2011,Leon Washington,SEA,RB,L.Washington
2011,Leroy Hill,SEA,OLB,L.Hill
2011,Malcolm Smith,SEA,LB,M.Smith
2011,Marcus Trufant,SEA,CB,M.Trufant
2011,Marshawn Lynch,SEA,RB,M.Lynch
2011,Matt McCoy,SEA,LB,M.McCoy
2011,Michael Robinson,SEA,FB,M.Robinson
2011,Mike Morgan,SEA,LB,M.Morgan
2011,Mike Williams,SEA,WR,M.Williams
2011,Phillip Adams,SEA,DB,P.Adams
2011,Raheem Brock,SEA,DE,R.Brock
2011,Red Bryant,SEA,DE,R.Bryant
2011,Ricardo Lockette,SEA,WR,R.Lockette
2011,Richard Sherman,SEA,CB,R.Sherman
2011,Ron Parker,SEA,DB,R.Parker
2011,Roy Lewis,SEA,DB,R.Lewis
2011,Sidney Rice,SEA,WR,S.Rice
2011,Steven Hauschka,SEA,K,S.Hauschka
2011,Tarvaris Jackson,SEA,QB,T.Jackson
2011,Walter Thurmond,SEA,CB,W.Thurmond
2011,Zach Miller,SEA,TE,Z.Miller
2011,Ahmad Brooks,SF,OLB,A.Brooks
2011,Aldon Smith,SF,OLB,A.Smith
2011,Alex Smith,SF,QB,A.Smith
2011,Andy Lee,SF,P,A.Lee
2011,Anthony Dixon,SF,RB,A.Dixon
2011,Blake Costanzo,SF,LB,B.Costanzo
2011,Braylon Edwards,SF,WR,B.Edwards
2011,Brett Swain,SF,WR,B.Swain
2011,Bruce Miller,SF,FB,B.Miller
2011,C.J. Spillman,SF,DB,C.Spillman
2011,Carlos Rogers,SF,CB,C.Rogers
2011,Chris Culliver,SF,DB,C.Culliver
2011,Colin Jones,SF,DB,C.Jones
2011,Colin Kaepernick,SF,QB,C.Kaepernick
2011,Dashon Goldson,SF,FS,D.Goldson
2011,David Akers,SF,K,D.Akers
2011,Delanie Walker,SF,TE,D.Walker
2011,Demarcus Dobbs,SF,DT,D.Dobbs
2011,Donte Whitner,SF,SS,D.Whitner
2011,Frank Gore,SF,RB,F.Gore
2011,Ian Williams,SF,DT,I.Williams
2011,Isaac Sopoaga,SF,NT,I.Sopoaga
2011,Joe Hastings,SF,WR,J.Hastings
2011,Josh Morgan,SF,WR,J.Morgan
2011,Justin Peelle,SF,TE,J.Peelle
2011,Justin Smith,SF,DE,J.Smith
2011,Kendall Hunter,SF,RB,K.Hunter
2011,Kyle Williams,SF,WR,K.Williams
2011,Larry Grant,SF,ILB,L.Grant
2011,Madieu Williams,SF,FS,M.Williams
2011,Michael Crabtree,SF,WR,M.Crabtree
2011,NaVorro Bowman,SF,ILB,N.Bowman
2011,Parys Haralson,SF,OLB,P.Haralson
2011,Patrick Willis,SF,ILB,P.Willis
2011,Ray McDonald,SF,DE,R.McDonald
2011,Reggie Smith,SF,DB,R.Smith
2011,Ricky Jean Francois,SF,NT,R.Francois
2011,Shawntae Spencer,SF,DB,S.Spencer
2011,Tarell Brown,SF,CB,T.Brown
2011,Tavares Gooden,SF,LB,T.Gooden
2011,Ted Ginn,SF,WR,T.Ginn
2011,Tramaine Brock,SF,DB,T.Brock
2011,Vernon Davis,SF,TE,V.Davis
2011,Will Tukuafu,SF,DT,W.Tukuafu
2011,Andre Neblett,CAR,DT,A.Neblett
2011,Antwan Applewhite,CAR,DE,A.Applewhite
2011,Armanti Edwards,CAR,WR,A.Edwards
2011,Brandon Hogan,CAR,CB,B.Hogan
2011,Brandon LaFell,CAR,WR,B.LaFell
2011,Cam Newton,CAR,QB,C.Newton
2011,Captain Munnerlyn,CAR,CB,C.Munnerlyn
2011,Charles Godfrey,CAR,SS,C.Godfrey
2011,Charles Johnson,CAR,DE,C.Johnson
2011,Chris Gamble,CAR,CB,C.Gamble
2011,Dan Connor,CAR,MLB,D.Connor
2011,Darius Butler,CAR,CB,D.Butler
2011,DeAngelo Williams,CAR,RB,D.Williams
2011,DeMario Pressley,CAR,DT,D.Pressley
2011,Eric Norwood,CAR,DE,E.Norwood
2011,Frank Kearse,CAR,DT,F.Kearse
2011,Greg Hardy,CAR,DE,G.Hardy
2011,Greg Olsen,CAR,TE,G.Olsen
2011,James Anderson,CAR,OLB,J.Anderson
2011,Jason Baker,CAR,P,J.Baker
2011,Jason Phillips,CAR,LB,J.Phillips
2011,Jason Shirley,CAR,DT,J.Shirley
2011,Jason Williams,CAR,OLB,J.Williams
2011,Jeremy Shockey,CAR,TE,J.Shockey
2011,Jon Beason,CAR,MLB,J.Beason
2011,Jonathan Nelson,CAR,SS,J.Nelson
2011,Jonathan Stewart,CAR,RB,J.Stewart
2011,Jordan Pugh,CAR,SS,J.Pugh
2011,Jordan Senn,CAR,OLB,J.Senn
2011,Josh Thomas,CAR,DB,J.Thomas
2011,Josh Vaughan,CAR,RB,J.Vaughan
2011,Kealoha Pilares,CAR,WR,K.Pilares
2011,Kion Wilson,CAR,LB,K.Wilson
2011,Legedu Naanee,CAR,WR,L.Naanee
2011,Mike Goodson,CAR,RB,M.Goodson
2011,Ogemdi Nwagbuo,CAR,DT,O.Nwagbuo
2011,Olindo Mare,CAR,K,O.Mare
2011,Omar Gaither,CAR,OLB,O.Gaither
2011,R.J. Stanford,CAR,CB,R.Stanford
2011,Richie Brockel,CAR,TE,R.Brockel
2011,Ronald Fields,CAR,DT,R.Fields
2011,Seyi Ajirotutu,CAR,WR,S.Ajirotutu
2011,Sherrod Martin,CAR,FS,S.Martin
2011,Sione Fua,CAR,DT,S.Fua
2011,Steve Smith,CAR,WR,S.Smith
2011,Terrell McClain,CAR,DT,T.McClain
2011,Thomas Davis,CAR,OLB,T.Davis
2011,Thomas Keiser,CAR,DE,T.Keiser
2011,Thomas Williams,CAR,LB,T.Williams
2011,A.J. Jefferson,ARI,CB,A.Jefferson
2011,Adrian Wilson,ARI,SS,A.Wilson
2011,Alfonso Smith,ARI,RB,A.Smith
2011,Andre Roberts,ARI,WR,A.Roberts
2011,Anthony Sherman,ARI,FB,A.Sherman
2011,Beanie Wells,ARI,RB,B.Wells
2011,Brandon Williams,ARI,DE,B.Williams
2011,Calais Campbell,ARI,DE,C.Campbell
2011,Chansi Stuckey,ARI,WR,C.Stuckey
2011,Chester Taylor,ARI,RB,C.Taylor
2011,Clark Haggans,ARI,OLB,C.Haggans
2011,Crezdon Butler,ARI,CB,C.Butler
2011,Dan Williams,ARI,NT,D.Williams
2011,Darnell Dockett,ARI,DE,D.Dockett
2011,Daryl Washington,ARI,ILB,D.Washington
2011,Dave Zastudil,ARI,P,D.Zastudil
2011,David Carter,ARI,DT,D.Carter
2011,DeMarco Sampson,ARI,WR,D.Sampson
2011,Early Doucet,ARI,WR,E.Doucet
2011,Hamza Abdullah,ARI,DB,H.Abdullah
2011,Jay Feely,ARI,K,J.Feely
2011,Jeff King,ARI,TE,J.King
2011,Jim Dray,ARI,TE,J.Dray
2011,Joey Porter,ARI,OLB,J.Porter
2011,John Skelton,ARI,QB,J.Skelton
2011,Kerry Rhodes,ARI,FS,K.Rhodes
2011,Kevin Kolb,ARI,QB,K.Kolb
2011,Korey Lindsey,ARI,DB,K.Lindsey
2011,LaRod Stephens-Howling,ARI,RB,L.Stephens-Howling
2011,Larry Fitzgerald,ARI,WR,L.Fitzgerald
2011,Marshay Green,ARI,CB,M.Green
2011,Michael Adams,ARI,DB,M.Adams
2011,Nick Eason,ARI,NT,N.Eason
2011,O'Brien Schofield,ARI,OLB,O.Schofield
2011,Paris Lenon,ARI,ILB,P.Lenon
2011,Patrick Peterson,ARI,CB,P.Peterson
2011,Rashad Johnson,ARI,FS,R.Johnson
2011,Reggie Walker,ARI,LB,R.Walker
2011,Richard Bartel,ARI,QB,R.Bartel
2011,Richard Marshall,ARI,CB,R.Marshall
2011,Rob Housler,ARI,TE,R.Housler
2011,Ronald Talley,ARI,DE,R.Talley
2011,Sam Acho,ARI,OLB,S.Acho
2011,Sean Considine,ARI,DB,S.Considine
2011,Stewart Bradley,ARI,ILB,S.Bradley
2011,Todd Heap,ARI,TE,T.Heap
2011,Vonnie Holliday,ARI,DE,V.Holliday
2011,Adam Carriker,WAS,DE,A.Carriker
2011,Anthony Armstrong,WAS,WR,A.Armstrong
2011,Barry Cofield,WAS,NT,B.Cofield
2011,Brandon Banks,WAS,WR,B.Banks
2011,Brandyn Thompson,WAS,DB,B.Thompson
2011,Brian Orakpo,WAS,OLB,B.Orakpo
2011,Byron Westbrook,WAS,DB,B.Westbrook
2011,Chris Baker,WAS,DE,C.Baker
2011,Chris Cooley,WAS,TE,C.Cooley
2011,Chris Neild,WAS,NT,C.Neild
2011,Darrel Young,WAS,FB,D.Young
2011,Darrion Scott,WAS,DE,D.Scott
2011,David Anderson,WAS,WR,D.Anderson
2011,DeAngelo Hall,WAS,CB,D.Hall
2011,DeJon Gomes,WAS,FS,D.Gomes
2011,Dominique Byrd,WAS,TE,D.Byrd
2011,Donte' Stallworth,WAS,WR,D.Stallworth
2011,Doug Worthington,WAS,DT,D.Worthington
2011,Evan Royster,WAS,RB,E.Royster
2011,Fred Davis,WAS,TE,F.Davis
2011,Graham Gano,WAS,K,G.Gano
2011,Jabar Gaffney,WAS,WR,J.Gaffney
2011,John Beck,WAS,QB,J.Beck
2011,Josh Wilson,WAS,CB,J.Wilson
2011,Kedric Golston,WAS,DE,K.Golston
2011,Kentwan Balmer,WAS,DE,K.Balmer
2011,Kevin Barnes,WAS,DB,K.Barnes
2011,Keyaron Fox,WAS,LB,K.Fox
2011,LaRon Landry,WAS,SS,L.Landry
2011,Leonard Hankerson,WAS,WR,L.Hankerson
2011,Logan Paulsen,WAS,TE,L.Paulsen
2011,London Fletcher,WAS,ILB,L.Fletcher
2011,Lorenzo Alexander,WAS,LB,L.Alexander
2011,Markus White,WAS,LB,M.White
2011,Mike Sellers,WAS,TE,M.Sellers
2011,Niles Paul,WAS,WR,N.Paul
2011,Oshiomogho Atogwe,WAS,FS,O.Atogwe
2011,Perry Riley,WAS,ILB,P.Riley
2011,Phillip Buchanon,WAS,DB,P.Buchanon
2011,Reed Doughty,WAS,SS,R.Doughty
2011,Rex Grossman,WAS,QB,R.Grossman
2011,Rob Jackson,WAS,LB,R.Jackson
2011,Rocky McIntosh,WAS,ILB,R.McIntosh
2011,Roy Helu,WAS,RB,R.Helu
2011,Ryan Kerrigan,WAS,OLB,R.Kerrigan
2011,Ryan Torain,WAS,RB,R.Torain
2011,Santana Moss,WAS,WR,S.Moss
2011,Sav Rocca,WAS,P,S.Rocca
2011,Stephen Bowen,WAS,DE,S.Bowen
2011,Terrence Austin,WAS,WR,T.Austin
2011,Tim Hightower,WAS,RB,T.Hightower
2011,Aaron Ross,NYG,CB,A.Ross
2011,Ahmad Bradshaw,NYG,RB,A.Bradshaw
2011,Antrel Rolle,NYG,FS,A.Rolle
2011,Bear Pascoe,NYG,TE,B.Pascoe
2011,Brandon Jacobs,NYG,RB,B.Jacobs
2011,Brandon Stokley,NYG,WR,B.Stokley
2011,Brian Williams,NYG,DB,B.Williams
2011,Chase Blackburn,NYG,MLB,C.Blackburn
2011,Chris Canty,NYG,DT,C.Canty
2011,Corey Webster,NYG,CB,C.Webster
2011,D.J. Ware,NYG,RB,D.Ware
2011,Da'Rel Scott,NYG,RB,D.Scott
2011,Dave Tollefson,NYG,DE,D.Tollefson
2011,Deon Grant,NYG,SS,D.Grant
2011,Derrick Martin,NYG,DB,D.Martin
2011,Devin Thomas,NYG,WR,D.Thomas
2011,Domenik Hixon,NYG,WR,D.Hixon
2011,Dwayne Hendricks,NYG,DT,D.Hendricks
2011,Eli Manning,NYG,QB,E.Manning
2011,Greg K. Jones,NYG,MLB,G.Jones
2011,Hakeem Nicks,NYG,WR,H.Nicks
2011,Henry Hynoski,NYG,FB,H.Hynoski
2011,Jacquian Williams,NYG,MLB,J.Williams
2011,Jake Ballard,NYG,TE,J.Ballard
2011,Jason Pierre-Paul,NYG,DE,J.Pierre-Paul
2011,Jerrel Jernigan,NYG,WR,J.Jernigan
2011,Jimmy Kennedy,NYG,DT,J.Kennedy
2011,Justin Trattou,NYG,DE,J.Trattou
2011,Justin Tryon,NYG,DB,J.Tryon
2011,Justin Tuck,NYG,DE,J.Tuck
2011,Kenny Phillips,NYG,SS,K.Phillips
2011,Lawrence Tynes,NYG,K,L.Tynes
2011,Linval Joseph,NYG,DT,L.Joseph
2011,Mario Manningham,NYG,WR,M.Manningham
2011,Mark Herzlich,NYG,LB,M.Herzlich
2011,Mathias Kiwanuka,NYG,OLB,M.Kiwanuka
2011,Michael Boley,NYG,OLB,M.Boley
2011,Michael Clayton,NYG,WR,M.Clayton
2011,Michael Coe,NYG,DB,M.Coe
2011,Osi Umenyiora,NYG,DE,O.Umenyiora
2011,Prince Amukamara,NYG,DB,P.Amukamara
2011,Ramses Barden,NYG,WR,R.Barden
2011,Rocky Bernard,NYG,DT,R.Bernard
2011,Spencer Paysinger,NYG,LB,S.Paysinger
2011,Steve Weatherford,NYG,P,S.Weatherford
2011,Travis Beckum,NYG,TE,T.Beckum
2011,Tyler Sash,NYG,DB,T.Sash
2011,Victor Cruz,NYG,WR,V.Cruz
2011,Will Blackmon,NYG,DB,W.Blackmon
2011,Abram Elam,DAL,SS,A.Elam
2011,Alan Ball,DAL,CB,A.Ball
2011,Alex Albright,DAL,LB,A.Albright
2011,Anthony Spencer,DAL,OLB,A.Spencer
2011,Barry Church,DAL,DB,B.Church
2011,Bradie James,DAL,ILB,B.James
2011,Bruce Carter,DAL,LB,B.Carter
2011,Chauncey Washington,DAL,RB,C.Washington
2011,Chris Jones,DAL,P,C.Jones
2011,Clifton Geathers,DAL,DE,C.Geathers
2011,Dan Bailey,DAL,K,D.Bailey
2011,Danny McCray,DAL,DB,D.McCray
2011,David Buehler,DAL,K,D.Buehler
2011,DeMarco Murray,DAL,RB,D.Murray
2011,DeMarcus Ware,DAL,OLB,D.Ware
2011,Dez Bryant,DAL,WR,D.Bryant
2011,Dwayne Harris,DAL,WR,D.Harris
2011,Felix Jones,DAL,RB,F.Jones
2011,Frank Walker,DAL,DB,F.Walker
2011,Gerald Sensabaugh,DAL,FS,G.Sensabaugh
2011,Jason Hatcher,DAL,DE,J.Hatcher
2011,Jason Witten,DAL,TE,J.Witten
2011,Jay Ratliff,DAL,NT,J.Ratliff
2011,Jesse Holley,DAL,WR,J.Holley
2011,John Phillips,DAL,TE,J.Phillips
2011,Jon Kitna,DAL,QB,J.Kitna
2011,Josh Brent,DAL,DT,J.Brent
2011,Keith Brooking,DAL,ILB,K.Brooking
2011,Kenyon Coleman,DAL,DE,K.Coleman
2011,Kevin Ogletree,DAL,WR,K.Ogletree
2011,Laurent Robinson,DAL,WR,L.Robinson
2011,Mana Silva,DAL,DB,M.Silva
2011,Marcus Spears,DAL,DE,M.Spears
2011,Martellus Bennett,DAL,TE,M.Bennett
2011,Mat McBriar,DAL,P,M.McBriar
2011,Mike Jenkins,DAL,CB,M.Jenkins
2011,Miles Austin,DAL,WR,M.Austin
2011,Orlando Scandrick,DAL,CB,O.Scandrick
2011,Phillip Tanner,DAL,RB,P.Tanner
2011,Sammy Morris,DAL,RB,S.Morris
2011,Sean Lee,DAL,ILB,S.Lee
2011,Sean Lissemore,DAL,DT,S.Lissemore
2011,Stephen McGee,DAL,QB,S.McGee
2011,Terence Newman,DAL,CB,T.Newman
2011,Tony Fiammetta,DAL,FB,T.Fiammetta
2011,Tony Romo,DAL,QB,T.Romo
2011,Victor Butler,DAL,LB,V.Butler
2011,Aaron Maybin,NYJ,DE,A.Maybin
2011,Antonio Cromartie,NYJ,CB,A.Cromartie
2011,Bart Scott,NYJ,ILB,B.Scott
2011,Bilal Powell,NYJ,RB,B.Powell
2011,Brodney Pool,NYJ,SS,B.Pool
2011,Bryan Thomas,NYJ,OLB,B.Thomas
2011,Calvin Pace,NYJ,OLB,C.Pace
2011,Darrelle Revis,NYJ,CB,D.Revis
2011,David Harris,NYJ,ILB,D.Harris
2011,Donald Strickland,NYJ,DB,D.Strickland
2011,Dustin Keller,NYJ,TE,D.Keller
2011,Eddie Jones,NYJ,LB,E.Jones
2011,Ellis Lankster,NYJ,DB,E.Lankster
2011,Eric Smith,NYJ,FS,E.Smith
2011,Garrett McIntyre,NYJ,OLB,G.McIntyre
2011,Gerald Alexander,NYJ,DB,G.Alexander
2011,Isaiah Trufant,NYJ,DB,I.Trufant
2011,Jamaal Westerman,NYJ,OLB,J.Westerman
2011,Jeff Cumberland,NYJ,TE,J.Cumberland
2011,Jeremy Kerley,NYJ,WR,J.Kerley
2011,Jim Leonhard,NYJ,SS,J.Leonhard
2011,Joe McKnight,NYJ,RB,J.McKnight
2011,John Conner,NYJ,FB,J.Conner
2011,Josh Baker,NYJ,TE,J.Baker
2011,Josh Mauga,NYJ,OLB,J.Mauga
2011,Kenrick Ellis,NYJ,DE,K.Ellis
2011,Kyle Wilson,NYJ,DB,K.Wilson
2011,LaDainian Tomlinson,NYJ,RB,L.Tomlinson
2011,Marcus Dixon,NYJ,DE,M.Dixon
2011,Mark Brunell,NYJ,QB,M.Brunell
2011,Mark Sanchez,NYJ,QB,M.Sanchez
2011,Marquice Cole,NYJ,DB,M.Cole
2011,Martin Tevaseu,NYJ,NT,M.Tevaseu
2011,Matthew Mulligan,NYJ,TE,M.Mulligan
2011,Mike DeVito,NYJ,DE,M.DeVito
2011,Muhammad Wilkerson,NYJ,DE,M.Wilkerson
2011,Nick Bellore,NYJ,LB,N.Bellore
2011,Nick Folk,NYJ,K,N.Folk
2011,Patrick Turner,NYJ,WR,P.Turner
2011,Plaxico Burress,NYJ,WR,P.Burress
2011,Ricky Sapp,NYJ,DE,R.Sapp
2011,Ropati Pitoitua,NYJ,DE,R.Pitoitua
2011,Santonio Holmes,NYJ,WR,S.Holmes
2011,Shonn Greene,NYJ,RB,S.Greene
2011,Sione Po'uha,NYJ,NT,S.Po'uha
2011,T.J. Conley,NYJ,P,T.Conley
2011,Tracy Wilson,NYJ,DB,T.Wilson
2011,Anthony Fasano,MIA,TE,A.Fasano
2011,Austin Spitler,MIA,LB,A.Spitler
2011,Brandon Fields,MIA,P,B.Fields
2011,Brandon Marshall,MIA,WR,B.Marshall
2011,Brian Hartline,MIA,WR,B.Hartline
2011,Cameron Wake,MIA,OLB,C.Wake
2011,Chad Henne,MIA,QB,C.Henne
2011,Chris Clemons,MIA,DB,C.Clemons
2011,Clyde Gates,MIA,WR,C.Gates
2011,Dan Carpenter,MIA,K,D.Carpenter
2011,Daniel Thomas,MIA,RB,D.Thomas
2011,Davone Bess,MIA,WR,D.Bess
2011,Igor Olshansky,MIA,DT,I.Olshansky
2011,Ikaika Alama-Francis,MIA,LB,I.Alama-Francis
2011,J.P. Losman,MIA,QB,J.Losman
2011,Jared Odrick,MIA,DE,J.Odrick
2011,Jason Taylor,MIA,OLB,J.Taylor
2011,Jason Trusnik,MIA,LB,J.Trusnik
2011,Jeron Mastrud,MIA,TE,J.Mastrud
2011,Jimmy Wilson,MIA,CB,J.Wilson
2011,Jonathan Wade,MIA,DB,J.Wade
2011,Karlos Dansby,MIA,ILB,K.Dansby
2011,Kendall Langford,MIA,DE,K.Langford
2011,Kevin Burnett,MIA,ILB,K.Burnett
2011,Koa Misi,MIA,OLB,K.Misi
2011,Larry Johnson,MIA,RB,L.Johnson
2011,Lex Hilliard,MIA,FB,L.Hilliard
2011,Marvin Mitchell,MIA,OLB,M.Mitchell
2011,Matt Moore,MIA,QB,M.Moore
2011,Nolan Carroll,MIA,CB,N.Carroll
2011,Paul Soliai,MIA,NT,P.Soliai
2011,Phillip Merling,MIA,DT,P.Merling
2011,Randy Starks,MIA,DE,R.Starks
2011,Reggie Bush,MIA,RB,R.Bush
2011,Reshad Jones,MIA,FS,R.Jones
2011,Roberto Wallace,MIA,WR,R.Wallace
2011,Ryan Baker,MIA,DE,R.Baker
2011,Sean Smith,MIA,CB,S.Smith
2011,Steve Slaton,MIA,RB,S.Slaton
2011,Tony McDaniel,MIA,DT,T.McDaniel
2011,Tyrone Culver,MIA,FS,T.Culver
2011,Vontae Davis,MIA,CB,V.Davis
2011,Will Allen,MIA,FS,W.Allen
2011,Will Yeatman,MIA,TE,W.Yeatman
2011,Yeremiah Bell,MIA,SS,Y.Bell
2011,Aaron Hernandez,NE,TE,A.Hernandez
2011,Alex Silvestro,NE,DE,A.Silvestro
2011,Andre Carter,NE,DE,A.Carter
2011,Antwaun Molden,NE,CB,A.Molden
2011,BenJarvus Green-Ellis,NE,RB,B.Green-Ellis
2011,Brandon Deaderick,NE,DE,B.Deaderick
2011,Brandon Spikes,NE,OLB,B.Spikes
2011,Brian Hoyer,NE,QB,B.Hoyer
2011,Chad Johnson,NE,WR,C.Johnson
2011,Dane Fletcher,NE,OLB,D.Fletcher
2011,Danny Woodhead,NE,RB,D.Woodhead
2011,Deion Branch,NE,WR,D.Branch
2011,Devin McCourty,NE,CB,D.McCourty
2011,Eric Moore,NE,DE,E.Moore
2011,Gary Guyton,NE,MLB,G.Guyton
2011,Gerard Warren,NE,DT,G.Warren
2011,James Ihedigbo,NE,SS,J.Ihedigbo
2011,Jeff Tarpinian,NE,OLB,J.Tarpinian
2011,Jermaine Cunningham,NE,LB,J.Cunningham
2011,Jerod Mayo,NE,MLB,J.Mayo
2011,Josh Barrett,NE,SS,J.Barrett
2011,Julian Edelman,NE,WR,J.Edelman
2011,Kevin Faulk,NE,RB,K.Faulk
2011,Kyle Arrington,NE,CB,K.Arrington
2011,Kyle Love,NE,DT,K.Love
2011,Landon Cohen,NE,DE,L.Cohen
2011,Leigh Bodden,NE,DB,L.Bodden
2011,Malcolm Williams,NE,DB,M.Williams
2011,Mark Anderson,NE,DE,M.Anderson
2011,Matthew Slater,NE,FS,M.Slater
2011,Mike Wright,NE,DT,M.Wright
2011,Myron Pryor,NE,DT,M.Pryor
2011,Nate Jones,NE,FS,N.Jones
2011,Niko Koutouvides,NE,OLB,N.Koutouvides
2011,Patrick Chung,NE,FS,P.Chung
2011,Ras-I Dowling,NE,CB,R.Dowling
2011,Rob Gronkowski,NE,TE,R.Gronkowski
2011,Rob Ninkovich,NE,OLB,R.Ninkovich
2011,Ron Brace,NE,DT,R.Brace
2011,Ross Ventrone,NE,DB,R.Ventrone
2011,Sergio Brown,NE,FS,S.Brown
2011,Shane Vereen,NE,RB,S.Vereen
2011,Shaun Ellis,NE,DE,S.Ellis
2011,Stephen Gostkowski,NE,K,S.Gostkowski
2011,Sterling Moore,NE,FS,S.Moore
2011,Stevan Ridley,NE,RB,S.Ridley
2011,Tiquan Underwood,NE,WR,T.Underwood
2011,Tom Brady,NE,QB,T.Brady
2011,Tracy White,NE,OLB,T.White
2011,Vince Wilfork,NE,DT,V.Wilfork
2011,Wes Welker,NE,WR,W.Welker
2011,Zoltan Mesko,NE,P,Z.Mesko
2011,Andre' Goodman,DEN,CB,A.Goodman
2011,Brian Dawkins,DEN,SS,B.Dawkins
2011,Britton Colquitt,DEN,P,B.Colquitt
2011,Brodrick Bunkley,DEN,DT,B.Bunkley
2011,Cassius Vaughn,DEN,CB,C.Vaughn
2011,Champ Bailey,DEN,CB,C.Bailey
2011,Chris Harris,DEN,SS,C.Harris
2011,D.J. Williams,DEN,OLB,D.Williams
2011,Daniel Fells,DEN,TE,D.Fells
2011,Dante Rosario,DEN,TE,D.Rosario
2011,David Bruton,DEN,FS,D.Bruton
2011,Demaryius Thomas,DEN,WR,D.Thomas
2011,Derrick Harvey,DEN,DE,D.Harvey
2011,Eddie Royal,DEN,WR,E.Royal
2011,Elvis Dumervil,DEN,DE,E.Dumervil
2011,Eric Decker,DEN,WR,E.Decker
2011,Jason Hunter,DEN,DE,J.Hunter
2011,Jeremiah Johnson,DEN,RB,J.Johnson
2011,Joe Mays,DEN,MLB,J.Mays
2011,Jonathan Wilhite,DEN,DB,J.Wilhite
2011,Julius Thomas,DEN,TE,J.Thomas
2011,Kevin Vickerson,DEN,DT,K.Vickerson
2011,Knowshon Moreno,DEN,RB,K.Moreno
2011,Kyle McCarthy,DEN,DB,K.McCarthy
2011,Lance Ball,DEN,RB,L.Ball
2011,Marcus Thomas,DEN,DT,M.Thomas
2011,Mario Haggan,DEN,LB,M.Haggan
2011,Matt Prater,DEN,K,M.Prater
2011,Matt Willis,DEN,WR,M.Willis
2011,Mike Mohamed,DEN,LB,M.Mohamed
2011,Mitch Unrein,DEN,DE,M.Unrein
2011,Nate Irving,DEN,LB,N.Irving
2011,Quinton Carter,DEN,FS,Q.Carter
2011,Rafael Bush,DEN,DB,R.Bush
2011,Rahim Moore,DEN,FS,R.Moore
2011,Robert Ayers,DEN,DE,R.Ayers
2011,Ryan McBean,DEN,DE,R.McBean
2011,Spencer Larsen,DEN,FB,S.Larsen
2011,Tim Tebow,DEN,QB,T.Tebow
2011,Tony Carter,DEN,DB,T.Carter
2011,Ty Warren,DEN,DE,T.Warren
2011,Virgil Green,DEN,TE,V.Green
2011,Von Miller,DEN,OLB,V.Miller
2011,Wesley Woodyard,DEN,MLB,W.Woodyard
2011,Willis McGahee,DEN,RB,W.McGahee
2011,Aaron Curry,OAK,OLB,A.Curry
2011,Brandon Myers,OAK,TE,B.Myers
2011,Bryan McCann,OAK,DB,B.McCann
2011,Carson Palmer,OAK,QB,C.Palmer
2011,Chaz Schilens,OAK,WR,C.Schilens
2011,Chimdi Chekwa,OAK,DB,C.Chekwa
2011,Chinedum Ndukwe,OAK,DB,C.Ndukwe
2011,Chris Johnson,OAK,CB,C.Johnson
2011,Darren McFadden,OAK,RB,D.McFadden
2011,Darrius Heyward-Bey,OAK,WR,D.Heyward-Bey
2011,Darryl Blackstock,OAK,MLB,D.Blackstock
2011,David Ausberry,OAK,TE,D.Ausberry
2011,DeMarcus Van Dyke,OAK,CB,D.Dyke
2011,Denarius Moore,OAK,WR,D.Moore
2011,Desmond Bryant,OAK,DE,D.Bryant
2011,Jacoby Ford,OAK,WR,J.Ford
2011,Jarvis Moss,OAK,DE,J.Moss
2011,Jason Campbell,OAK,QB,J.Campbell
2011,Jerome Boyd,OAK,DB,J.Boyd
2011,Joe Porter,OAK,CB,J.Porter
2011,John Henderson,OAK,NT,J.Henderson
2011,Kamerion Wimbley,OAK,OLB,K.Wimbley
2011,Kevin Boss,OAK,TE,K.Boss
2011,Kyle Boller,OAK,QB,K.Boller
2011,Lamarr Houston,OAK,DE,L.Houston
2011,Lito Sheppard,OAK,CB,L.Sheppard
2011,Louis Murphy,OAK,WR,L.Murphy
2011,Manase Tonga,OAK,FB,M.Tonga
2011,Marcel Reece,OAK,FB,M.Reece
2011,Mason Brodine,OAK,DE,M.Brodine
2011,Matt Giordano,OAK,FS,M.Giordano
2011,Matt Shaughnessy,OAK,DE,M.Shaughnessy
2011,Michael Bush,OAK,RB,M.Bush
2011,Michael Huff,OAK,FS,M.Huff
2011,Mike Mitchell,OAK,CB,M.Mitchell
2011,Quentin Groves,OAK,OLB,Q.Groves
2011,Richard Gordon,OAK,TE,R.Gordon
2011,Richard Seymour,OAK,DT,R.Seymour
2011,Ricky Brown,OAK,LB,R.Brown
2011,Rock Cartwright,OAK,RB,R.Cartwright
2011,Rolando McClain,OAK,MLB,R.McClain
2011,Sebastian Janikowski,OAK,K,S.Janikowski
2011,Shane Lechler,OAK,P,S.Lechler
2011,Stanford Routt,OAK,CB,S.Routt
2011,T.J. Houshmandzadeh,OAK,WR,T.Houshmandzadeh
2011,Taiwan Jones,OAK,RB,T.Jones
2011,Tommy Kelly,OAK,DT,T.Kelly
2011,Trevor Scott,OAK,DE,T.Scott
2011,Tyvon Branch,OAK,SS,T.Branch
